{
  // Use IntelliSense to learn about possible attributes.
  // Hover to view descriptions of existing attributes.
  // For more information, visit: https://go.microsoft.com/fwlink/?linkid=830387
  "version": "0.2.0",
  "configurations": [
    {
      "name": "Python: 当前文件",
      "type": "python",
      "request": "launch",
      "program": "${file}",
      "console": "integratedTerminal",
      "justMyCode": true
    },
    {
      "type": "java",
      "name": "Launch Main",
      "request": "launch",
      "mainClass": "Main",
      "projectName": "Mr.Shua_f9466c40"
    },
    {
      "name": "(Windows) 启动",
      "type": "cppvsdbg",
      "request": "launch",
      "program": "输入程序名称，例如 ${workspaceFolder}/a.exe",
      "args": [],
      "stopAtEntry": false,
      "cwd": "${fileDirname}",
      "environment": [],
      "console": "externalTerminal"
    },
    {
      "name": "编译并运行",
      "type": "cppvsdbg",
      "request": "launch",
      "program": "cmd",
      "args": [
        "/C",
        "${fileDirname}\\${fileBasenameNoExtension}.exe",
        "&",
        "pause"
      ],
      "stopAtEntry": false,
      "cwd": "${workspaceFolder}",
      "environment": [],
      "externalConsole": true,
      "internalConsoleOptions": "neverOpen",
      "preLaunchTask": "C/C++: g++.exe build active file"
    },
    {
      "name": "g++.exe - 生成和调试活动文件",
      "type": "cppdbg",
      "request": "launch",
      "program": "${fileDirname}\\${fileBasenameNoExtension}.exe",
      "args": [],
      "stopAtEntry": false,
      "cwd": "${workspaceFolder}",
      "environment": [],
      "externalConsole": false,
      "MIMode": "gdb",
      "miDebuggerPath": "C:\\Program Files (x86)\\Dev-Cpp\\MinGW64\\bin\\gdb.exe",
      "setupCommands": [
        {
          "description": "为 gdb 启用整齐打印",
          "text": "-enable-pretty-printing",
          "ignoreFailures": false
        }
      ],
      "preLaunchTask": "C/C++: g++.exe build active file"
    }
  ]
}
