{
  "version": "2.0.0",
  "tasks": [
    {
      "type": "shell",
      "label": "g++.exe build active file",
      "command": "C:/Program Files (x86)/Dev-Cpp/MinGW64/bin/g++.exe",
      "args": [
        "-g",
        "${file}",
        "-o",
        "${fileDirname}\\${fileBasenameNoExtension}.exe"
      ],
      "options": {
        "cwd": "C:/Program Files (x86)/Dev-Cpp/MinGW64/bin/"
      },
      "problemMatcher": ["$gcc"],
      "group": {
        "kind": "build",
        "isDefault": true
      }
    },
    {
      "type": "cppbuild",
      "label": "C/C++: g++.exe build active file",
      "command": "C:/Program Files (x86)/Dev-Cpp/MinGW64/bin/g++.exe",
      "args": [
        "-g",
        "-std=c++11",
        "${file}",
        "-o",
        "${fileDirname}\\${fileBasenameNoExtension}.exe"
      ],
      "options": {
        "cwd": "C:/Program Files (x86)/Dev-Cpp/MinGW64/bin"
      },
      "problemMatcher": ["$gcc"],
      "group": "build",
      "detail": "编译器: \"C:/Program Files (x86)/Dev-Cpp/MinGW64/bin/g++.exe"
    }
  ]
}
